CompanyName;Country;Region;City
Alfreds Futterkiste;Germany;;Berlin
Ana Trujillo Emparedados y helados;Mexico;;Mxico D.F.
Antonio Moreno Taquera;Mexico;;Mxico D.F.
Around the Horn;UK;;London
Berglunds snabbkp;Sweden;;Lule
Blauer See Delikatessen;Germany;;Mannheim
Blondesddsl pre et fils;France;;Strasbourg
Blido Comidas preparadas;Spain;;Madrid
Bon app';France;;Marseille
Bottom-Dollar Markets;Canada;BC;Tsawassen
B's Beverages;UK;;London
Cactus Comidas para llevar;Argentina;;Buenos Aires
Centro comercial Moctezuma;Mexico;;Mxico D.F.
Chop-suey Chinese;Switzerland;;Bern
Comrcio Mineiro;Brazil;SP;Sao Paulo
Consolidated Holdings;UK;;London
Drachenblut Delikatessen;Germany;;Aachen
Du monde entier;France;;Nantes
Eastern Connection;UK;;London
Ernst Handel;Austria;;Graz
Familia Arquibaldo;Brazil;SP;Sao Paulo
FISSA Fabrica Inter. Salchichas S.A.;Spain;;Madrid
Folies gourmandes;France;;Lille
Folk och f HB;Sweden;;Brcke
Frankenversand;Germany;;Mnchen
France restauration;France;;Nantes
Franchi S.p.A.;Italy;;Torino
Furia Bacalhau e Frutos do Mar;Portugal;;Lisboa
Galera del gastrnomo;Spain;;Barcelona
Godos Cocina Tpica;Spain;;Sevilla
Gourmet Lanchonetes;Brazil;SP;Campinas
Great Lakes Food Market;USA;OR;Eugene
GROSELLA-Restaurante;Venezuela;DF;Caracas
Hanari Carnes;Brazil;RJ;Rio de Janeiro
HILARION-Abastos;Venezuela;Tchira;San Cristbal
Hungry Coyote Import Store;USA;OR;Elgin
Hungry Owl All-Night Grocers;Ireland;Co. Cork;Cork
Island Trading;UK;Isle of Wight;Cowes
Kniglich Essen;Germany;;Brandenburg
La corne d'abondance;France;;Versailles
La maison d'Asie;France;;Toulouse
Laughing Bacchus Wine Cellars;Canada;BC;Vancouver
Lazy K Kountry Store;USA;WA;Walla Walla
Lehmanns Marktstand;Germany;;Frankfurt a.M.
Let's Stop N Shop;USA;CA;San Francisco
LILA-Supermercado;Venezuela;Lara;Barquisimeto
LINO-Delicateses;Venezuela;Nueva Esparta;I. de Margarita
Lonesome Pine Restaurant;USA;OR;Portland
Magazzini Alimentari Riuniti;Italy;;Bergamo
Maison Dewey;Belgium;;Bruxelles
Mre Paillarde;Canada;Qubec;Montral
Morgenstern Gesundkost;Germany;;Leipzig
North/South;UK;;London
Ocano Atlntico Ltda.;Argentina;;Buenos Aires
Old World Delicatessen;USA;AK;Anchorage
Ottilies Kseladen;Germany;;Kln
Paris spcialits;France;;Paris
Pericles Comidas clsicas;Mexico;;Mxico D.F.
Piccolo und mehr;Austria;;Salzburg
Princesa Isabel Vinhos;Portugal;;Lisboa
Que Delcia;Brazil;RJ;Rio de Janeiro
Queen Cozinha;Brazil;SP;Sao Paulo
QUICK-Stop;Germany;;Cunewalde
Rancho grande;Argentina;;Buenos Aires
Rattlesnake Canyon Grocery;USA;NM;Albuquerque
Reggiani Caseifici;Italy;;Reggio Emilia
Ricardo Adocicados;Brazil;RJ;Rio de Janeiro
Richter Supermarkt;Switzerland;;Genve
Romero y tomillo;Spain;;Madrid
Sant Gourmet;Norway;;Stavern
Save-a-lot Markets;USA;ID;Boise
Seven Seas Imports;UK;;London
Simons bistro;Denmark;;Kobenhavn
Spcialits du monde;France;;Paris
Split Rail Beer & Ale;USA;WY;Lander
Suprmes dlices;Belgium;;Charleroi
The Big Cheese;USA;OR;Portland
The Cracker Box;USA;MT;Butte
Toms Spezialitten;Germany;;Mnster
Tortuga Restaurante;Mexico;;Mxico D.F.
Tradio Hipermercados;Brazil;SP;Sao Paulo
Trail's Head Gourmet Provisioners;USA;WA;Kirkland
Vaffeljernet;Denmark;;rhus
IT;;;
IT;;;
Victuailles en stock;France;;Lyon
Vins et alcools Chevalier;France;;Reims
Die Wandernde Kuh;Germany;;Stuttgart
Wartian Herkku;Finland;;Oulu
Wellington Importadora;Brazil;SP;Resende
White Clover Markets;USA;WA;Seattle
Wilman Kala;Finland;;Helsinki
Wolski  Zajazd;Poland;;Warszawa
