OrderID;CustomerID;EmployeeID
10248;VINET;5
10249;TOMSP;6
10250;HANAR;4
10251;VICTE;3
10252;SUPRD;4
10253;HANAR;3
10254;CHOPS;5
10255;RICSU;9
10256;WELLI;3
10257;HILAA;4
10258;ERNSH;1
10259;CENTC;4
10260;OTTIK;4
10261;QUEDE;4
10262;RATTC;8
10263;ERNSH;9
10264;FOLKO;6
10265;BLONP;2
10266;WARTH;3
10267;FRANK;4
10268;GROSR;8
10269;WHITC;5
10270;WARTH;1
10271;SPLIR;6
10272;RATTC;6
10273;QUICK;3
10274;VINET;6
10275;MAGAA;1
10276;TORTU;8
10277;MORGK;2
10278;BERGS;8
10279;LEHMS;8
10280;BERGS;2
10281;ROMEY;4
10282;ROMEY;4
10283;LILAS;3
10284;LEHMS;4
10285;QUICK;1
10286;QUICK;8
10287;RICAR;8
10288;REGGC;4
10289;BSBEV;7
10290;COMMI;8
10291;QUEDE;6
10292;TRADH;1
10293;TORTU;1
10294;RATTC;4
10295;VINET;2
10296;LILAS;6
10297;BLONP;5
10298;HUNGO;6
10299;RICAR;4
10300;MAGAA;2
10301;WANDK;8
10302;SUPRD;4
10303;GODOS;7
10304;TORTU;1
10305;OLDWO;8
10306;ROMEY;1
10307;LONEP;2
10308;ANATR;7
10309;HUNGO;3
10310;THEBI;8
10311;DUMON;1
10312;WANDK;2
10313;QUICK;2
10314;RATTC;1
10315;ISLAT;4
10316;RATTC;1
10317;LONEP;6
10318;ISLAT;8
10319;TORTU;7
10320;WARTH;5
10321;ISLAT;3
10322;PERIC;7
10323;KOENE;4
10324;SAVEA;9
10325;KOENE;1
10326;BOLID;4
10327;FOLKO;2
10328;FURIB;4
10329;SPLIR;4
10330;LILAS;3
10331;BONAP;9
10332;MEREP;3
10333;WARTH;5
10334;VICTE;8
10335;HUNGO;7
10336;PRINI;7
10337;FRANK;4
10338;OLDWO;4
10339;MEREP;2
10340;BONAP;1
10341;SIMOB;7
10342;FRANK;4
10343;LEHMS;4
10344;WHITC;4
10345;QUICK;2
10346;RATTC;3
10347;FAMIA;4
10348;WANDK;4
10349;SPLIR;7
10350;LAMAI;6
10351;ERNSH;1
10352;FURIB;3
10353;PICCO;7
10354;PERIC;8
10355;AROUT;6
10356;WANDK;6
10357;LILAS;1
10358;LAMAI;5
10359;SEVES;5
10360;BLONP;4
10361;QUICK;1
10362;BONAP;3
10363;DRACD;4
10364;EASTC;1
10365;ANTON;3
10366;GALED;8
10367;VAFFE;7
10368;ERNSH;2
10369;SPLIR;8
10370;CHOPS;6
10371;LAMAI;1
10372;QUEEN;5
10373;HUNGO;4
10374;WOLZA;1
10375;HUNGC;3
10376;MEREP;1
10377;SEVES;1
10378;FOLKO;5
10379;QUEDE;2
10380;HUNGO;8
10381;LILAS;3
10382;ERNSH;4
10383;AROUT;8
10384;BERGS;3
10385;SPLIR;1
10386;FAMIA;9
10387;SANTG;1
10388;SEVES;2
10389;BOTTM;4
10390;ERNSH;6
10391;DRACD;3
10392;PICCO;2
10393;SAVEA;1
10394;HUNGC;1
10395;HILAA;6
10396;FRANK;1
10397;PRINI;5
10398;SAVEA;2
10399;VAFFE;8
10400;EASTC;1
10401;RATTC;1
10402;ERNSH;8
10403;ERNSH;4
10404;MAGAA;2
10405;LINOD;1
10406;QUEEN;7
10407;OTTIK;2
10408;FOLIG;8
10409;OCEAN;3
10410;BOTTM;3
10411;BOTTM;9
10412;WARTH;8
10413;LAMAI;3
10414;FAMIA;2
10415;HUNGC;3
10416;WARTH;8
10417;SIMOB;4
10418;QUICK;4
10419;RICSU;4
10420;WELLI;3
10421;QUEDE;8
10422;FRANS;2
10423;GOURL;6
10424;MEREP;7
10425;LAMAI;6
10426;GALED;4
10427;PICCO;4
10428;REGGC;7
10429;HUNGO;3
10430;ERNSH;4
10431;BOTTM;4
10432;SPLIR;3
10433;PRINI;3
10434;FOLKO;3
10435;CONSH;8
10436;BLONP;3
10437;WARTH;8
10438;TOMSP;3
10439;MEREP;6
10440;SAVEA;4
10441;OLDWO;3
10442;ERNSH;3
10443;REGGC;8
10444;BERGS;3
10445;BERGS;3
10446;TOMSP;6
10447;RICAR;4
10448;RANCH;4
10449;BLONP;3
10450;VICTE;8
10451;QUICK;4
10452;SAVEA;8
10453;AROUT;1
10454;LAMAI;4
10455;WARTH;8
10456;KOENE;8
10457;KOENE;2
10458;SUPRD;7
10459;VICTE;4
10460;FOLKO;8
10461;LILAS;1
10462;CONSH;2
10463;SUPRD;5
10464;FURIB;4
10465;VAFFE;1
10466;COMMI;4
10467;MAGAA;8
10468;KOENE;3
10469;WHITC;1
10470;BONAP;4
10471;BSBEV;2
10472;SEVES;8
10473;ISLAT;1
10474;PERIC;5
10475;SUPRD;9
10476;HILAA;8
10477;PRINI;5
10478;VICTE;2
10479;RATTC;3
10480;FOLIG;6
10481;RICAR;8
10482;LAZYK;1
10483;WHITC;7
10484;BSBEV;3
10485;LINOD;4
10486;HILAA;1
10487;QUEEN;2
10488;FRANK;8
10489;PICCO;6
10490;HILAA;7
10491;FURIB;8
10492;BOTTM;3
10493;LAMAI;4
10494;COMMI;4
10495;LAUGB;3
10496;TRADH;7
10497;LEHMS;7
10498;HILAA;8
10499;LILAS;4
10500;LAMAI;6
10501;BLAUS;9
10502;PERIC;2
10503;HUNGO;6
10504;WHITC;4
10505;MEREP;3
10506;KOENE;9
10507;ANTON;7
10508;OTTIK;1
10509;BLAUS;4
10510;SAVEA;6
10511;BONAP;4
10512;FAMIA;7
10513;WANDK;7
10514;ERNSH;3
10515;QUICK;2
10516;HUNGO;2
10517;NORTS;3
10518;TORTU;4
10519;CHOPS;6
10520;SANTG;7
10521;CACTU;8
10522;LEHMS;4
10523;SEVES;7
10524;BERGS;1
10525;BONAP;1
10526;WARTH;4
10527;QUICK;7
10528;GREAL;6
10529;MAISD;5
10530;PICCO;3
10531;OCEAN;7
10532;EASTC;7
10533;FOLKO;8
10534;LEHMS;8
10535;ANTON;4
10536;LEHMS;3
10537;RICSU;1
10538;BSBEV;9
10539;BSBEV;6
10540;QUICK;3
10541;HANAR;2
10542;KOENE;1
10543;LILAS;8
10544;LONEP;4
10545;LAZYK;8
10546;VICTE;1
10547;SEVES;3
10548;TOMSP;3
10549;QUICK;5
10550;GODOS;7
10551;FURIB;4
10552;HILAA;2
10553;WARTH;2
10554;OTTIK;4
10555;SAVEA;6
10556;SIMOB;2
10557;LEHMS;9
10558;AROUT;1
10559;BLONP;6
10560;FRANK;8
10561;FOLKO;2
10562;REGGC;1
10563;RICAR;2
10564;RATTC;4
10565;MEREP;8
10566;BLONP;9
10567;HUNGO;1
10568;GALED;3
10569;RATTC;5
10570;MEREP;3
10571;ERNSH;8
10572;BERGS;3
10573;ANTON;7
10574;TRAIH;4
10575;MORGK;5
10576;TORTU;3
10577;TRAIH;9
10578;BSBEV;4
10579;LETSS;1
10580;OTTIK;4
10581;FAMIA;3
10582;BLAUS;3
10583;WARTH;2
10584;BLONP;4
10585;WELLI;7
10586;REGGC;9
10587;QUEDE;1
10588;QUICK;2
10589;GREAL;8
10590;MEREP;4
10591;VAFFE;1
10592;LEHMS;3
10593;LEHMS;7
10594;OLDWO;3
10595;ERNSH;2
10596;WHITC;8
10597;PICCO;7
10598;RATTC;1
10599;BSBEV;6
10600;HUNGC;4
10601;HILAA;7
10602;VAFFE;8
10603;SAVEA;8
10604;FURIB;1
10605;MEREP;1
10606;TRADH;4
10607;SAVEA;5
10608;TOMSP;4
10609;DUMON;7
10610;LAMAI;8
10611;WOLZA;6
10612;SAVEA;1
10613;HILAA;4
10614;BLAUS;8
10615;WILMK;2
10616;GREAL;1
10617;GREAL;4
10618;MEREP;1
10619;MEREP;3
10620;LAUGB;2
10621;ISLAT;4
10622;RICAR;4
10623;FRANK;8
10624;THECR;4
10625;ANATR;3
10626;BERGS;1
10627;SAVEA;8
10628;BLONP;4
10629;GODOS;4
10630;KOENE;1
10631;LAMAI;8
10632;WANDK;8
10633;ERNSH;7
10634;FOLIG;4
10635;MAGAA;8
10636;WARTH;4
10637;QUEEN;6
10638;LINOD;3
10639;SANTG;7
10640;WANDK;4
10641;HILAA;4
10642;SIMOB;7
10643;ALFKI;6
10644;WELLI;3
10645;HANAR;4
10646;HUNGO;9
10647;QUEDE;4
10648;RICAR;5
10649;MAISD;5
10650;FAMIA;5
10651;WANDK;8
10652;GOURL;4
10653;FRANK;1
10654;BERGS;5
10655;REGGC;1
10656;GREAL;6
10657;SAVEA;2
10658;QUICK;4
10659;QUEEN;7
10660;HUNGC;8
10661;HUNGO;7
10662;LONEP;3
10663;BONAP;2
10664;FURIB;1
10665;LONEP;1
10666;RICSU;7
10667;ERNSH;7
10668;WANDK;1
10669;SIMOB;2
10670;FRANK;4
10671;FRANR;1
10672;BERGS;9
10673;WILMK;2
10674;ISLAT;4
10675;FRANK;5
10676;TORTU;2
10677;ANTON;1
10678;SAVEA;7
10679;BLONP;8
10680;OLDWO;1
10681;GREAL;3
10682;ANTON;3
10683;DUMON;2
10684;OTTIK;3
10685;GOURL;4
10686;PICCO;2
10687;HUNGO;9
10688;VAFFE;4
10689;BERGS;1
10690;HANAR;1
10691;QUICK;2
10692;ALFKI;4
10693;WHITC;3
10694;QUICK;8
10695;WILMK;7
10696;WHITC;8
10697;LINOD;3
10698;ERNSH;4
10699;MORGK;3
10700;SAVEA;3
10701;HUNGO;6
10702;ALFKI;4
10703;FOLKO;6
10704;QUEEN;6
10705;HILAA;9
10706;OLDWO;8
10707;AROUT;4
10708;THEBI;6
10709;GOURL;1
10710;FRANS;1
10711;SAVEA;5
10712;HUNGO;3
10713;SAVEA;1
10714;SAVEA;5
10715;BONAP;3
10716;RANCH;4
10717;FRANK;1
10718;KOENE;1
10719;LETSS;8
10720;QUEDE;8
10721;QUICK;5
10722;SAVEA;8
10723;WHITC;3
10724;MEREP;8
10725;FAMIA;4
10726;EASTC;4
10727;REGGC;2
10728;QUEEN;4
10729;LINOD;8
10730;BONAP;5
10731;CHOPS;7
10732;BONAP;3
10733;BERGS;1
10734;GOURL;2
10735;LETSS;6
10736;HUNGO;9
10737;VINET;2
10738;SPECD;2
10739;VINET;3
10740;WHITC;4
10741;AROUT;4
10742;BOTTM;3
10743;AROUT;1
10744;VAFFE;6
10745;QUICK;9
10746;CHOPS;1
10747;PICCO;6
10748;SAVEA;3
10749;ISLAT;4
10750;WARTH;9
10751;RICSU;3
10752;NORTS;2
10753;FRANS;3
10754;MAGAA;6
10755;BONAP;4
10756;SPLIR;8
10757;SAVEA;6
10758;RICSU;3
10759;ANATR;3
10760;MAISD;4
10761;RATTC;5
10762;FOLKO;3
10763;FOLIG;3
10764;ERNSH;6
10765;QUICK;3
10766;OTTIK;4
10767;SUPRD;4
10768;AROUT;3
10769;VAFFE;3
10770;HANAR;8
10771;ERNSH;9
10772;LEHMS;3
10773;ERNSH;1
10774;FOLKO;4
10775;THECR;7
10776;ERNSH;1
10777;GOURL;7
10778;BERGS;3
10779;MORGK;3
10780;LILAS;2
10781;WARTH;2
10782;CACTU;9
10783;HANAR;4
10784;MAGAA;4
10785;GROSR;1
10786;QUEEN;8
10787;LAMAI;2
10788;QUICK;1
10789;FOLIG;1
10790;GOURL;6
10791;FRANK;6
10792;WOLZA;1
10793;AROUT;3
10794;QUEDE;6
10795;ERNSH;8
10796;HILAA;3
10797;DRACD;7
10798;ISLAT;2
10799;KOENE;9
10800;SEVES;1
10801;BOLID;4
10802;SIMOB;4
10803;WELLI;4
10804;SEVES;6
10805;THEBI;2
10806;VICTE;3
10807;FRANS;4
10808;OLDWO;2
10809;WELLI;7
10810;LAUGB;2
10811;LINOD;8
10812;REGGC;5
10813;RICAR;1
10814;VICTE;3
10815;SAVEA;2
10816;GREAL;4
10817;KOENE;3
10818;MAGAA;7
10819;CACTU;2
10820;RATTC;3
10821;SPLIR;1
10822;TRAIH;6
10823;LILAS;5
10824;FOLKO;8
10825;DRACD;1
10826;BLONP;6
10827;BONAP;1
10828;RANCH;9
10829;ISLAT;9
10830;TRADH;4
10831;SANTG;3
10832;LAMAI;2
10833;OTTIK;6
10834;TRADH;1
10835;ALFKI;1
10836;ERNSH;7
10837;BERGS;9
10838;LINOD;3
10839;TRADH;3
10840;LINOD;4
10841;SUPRD;5
10842;TORTU;1
10843;VICTE;4
10844;PICCO;8
10845;QUICK;8
10846;SUPRD;2
10847;SAVEA;4
10848;CONSH;7
10849;KOENE;9
10850;VICTE;1
10851;RICAR;5
10852;RATTC;8
10853;BLAUS;9
10854;ERNSH;3
10855;OLDWO;3
10856;ANTON;3
10857;BERGS;8
10858;LACOR;2
10859;FRANK;1
10860;FRANR;3
10861;WHITC;4
10862;LEHMS;8
10863;HILAA;4
10864;AROUT;4
10865;QUICK;2
10866;BERGS;5
10867;LONEP;6
10868;QUEEN;7
10869;SEVES;5
10870;WOLZA;5
10871;BONAP;9
10872;GODOS;5
10873;WILMK;4
10874;GODOS;5
10875;BERGS;4
10876;BONAP;7
10877;RICAR;1
10878;QUICK;4
10879;WILMK;3
10880;FOLKO;7
10881;CACTU;4
10882;SAVEA;4
10883;LONEP;8
10884;LETSS;4
10885;SUPRD;6
10886;HANAR;1
10887;GALED;8
10888;GODOS;1
10889;RATTC;9
10890;DUMON;7
10891;LEHMS;7
10892;MAISD;4
10893;KOENE;9
10894;SAVEA;1
10895;ERNSH;3
10896;MAISD;7
10897;HUNGO;3
10898;OCEAN;4
10899;LILAS;5
10900;WELLI;1
10901;HILAA;4
10902;FOLKO;1
10903;HANAR;3
10904;WHITC;3
10905;WELLI;9
10906;WOLZA;4
10907;SPECD;6
10908;REGGC;4
10909;SANTG;1
10910;WILMK;1
10911;GODOS;3
10912;HUNGO;2
10913;QUEEN;4
10914;QUEEN;6
10915;TORTU;2
10916;RANCH;1
10917;ROMEY;4
10918;BOTTM;3
10919;LINOD;2
10920;AROUT;4
10921;VAFFE;1
10922;HANAR;5
10923;LAMAI;7
10924;BERGS;3
10925;HANAR;3
10926;ANATR;4
10927;LACOR;4
10928;GALED;1
10929;FRANK;6
10930;SUPRD;4
10931;RICSU;4
10932;BONAP;8
10933;ISLAT;6
10934;LEHMS;3
10935;WELLI;4
10936;GREAL;3
10937;CACTU;7
10938;QUICK;3
10939;MAGAA;2
10940;BONAP;8
10941;SAVEA;7
10942;REGGC;9
10943;BSBEV;4
10944;BOTTM;6
10945;MORGK;4
10946;VAFFE;1
10947;BSBEV;3
10948;GODOS;3
10949;BOTTM;2
10950;MAGAA;1
10951;RICSU;9
10952;ALFKI;1
10953;AROUT;9
10954;LINOD;5
10955;FOLKO;8
10956;BLAUS;6
10957;HILAA;8
10958;OCEAN;7
10959;GOURL;6
10960;HILAA;3
10961;QUEEN;8
10962;QUICK;8
10963;FURIB;9
10964;SPECD;3
10965;OLDWO;6
10966;CHOPS;4
10967;TOMSP;2
10968;ERNSH;1
10969;COMMI;1
10970;BOLID;9
10971;FRANR;2
10972;LACOR;4
10973;LACOR;6
10974;SPLIR;3
10975;BOTTM;1
10976;HILAA;1
10977;FOLKO;8
10978;MAISD;9
10979;ERNSH;8
10980;FOLKO;4
10981;HANAR;1
10982;BOTTM;2
10983;SAVEA;2
10984;SAVEA;1
10985;HUNGO;2
10986;OCEAN;8
10987;EASTC;8
10988;RATTC;3
10989;QUEDE;2
10990;ERNSH;2
10991;QUICK;1
10992;THEBI;1
10993;FOLKO;7
10994;VAFFE;2
10995;PERIC;1
10996;QUICK;4
10997;LILAS;8
10998;WOLZA;8
10999;OTTIK;6
11000;RATTC;2
11001;FOLKO;2
11002;SAVEA;4
11003;THECR;3
11004;MAISD;3
11005;WILMK;2
11006;GREAL;3
11007;PRINI;8
11008;ERNSH;7
11009;GODOS;2
11010;REGGC;2
11011;ALFKI;3
11012;FRANK;1
11013;ROMEY;2
11014;LINOD;2
11015;SANTG;2
11016;AROUT;9
11017;ERNSH;9
11018;LONEP;4
11019;RANCH;6
11020;OTTIK;2
11021;QUICK;3
11022;HANAR;9
11023;BSBEV;1
11024;EASTC;4
11025;WARTH;6
11026;FRANS;4
11027;BOTTM;1
11028;KOENE;2
11029;CHOPS;4
11030;SAVEA;7
11031;SAVEA;6
11032;WHITC;2
11033;RICSU;7
11034;OLDWO;8
11035;SUPRD;2
11036;DRACD;8
11037;GODOS;7
11038;SUPRD;1
11039;LINOD;1
11040;GREAL;4
11041;CHOPS;3
11042;COMMI;2
11043;SPECD;5
11044;WOLZA;4
11045;BOTTM;6
11046;WANDK;8
11047;EASTC;7
11048;BOTTM;7
11049;GOURL;3
11050;FOLKO;8
11051;LAMAI;7
11052;HANAR;3
11053;PICCO;2
11054;CACTU;8
11055;HILAA;7
11056;EASTC;8
11057;NORTS;3
11058;BLAUS;9
11059;RICAR;2
11060;FRANS;2
11061;GREAL;4
11062;REGGC;4
11063;HUNGO;3
11064;SAVEA;1
11065;LILAS;8
11066;WHITC;7
11067;DRACD;1
11068;QUEEN;8
11069;TORTU;1
11070;LEHMS;2
11071;LILAS;1
11072;ERNSH;4
11073;PERIC;2
11074;SIMOB;7
11075;RICSU;8
11076;BONAP;4
11077;RATTC;1
